{"cameraMode":{"drawMode":0,"name":"Shaded","section":"Shading Mode"},"sceneLighting":false,"audioPlay":false,"sceneViewState":{"m_AlwaysRefresh":false,"showFog":true,"showSkybox":false,"showFlares":true,"showImageEffects":true,"showParticleSystems":true,"showVisualEffectGraphs":true,"m_FxEnabled":true},"in2DMode":false,"pivot":{"x":-0.673834502696991,"y":-0.1119796484708786,"z":-0.2011028528213501},"rotation":{"x":-0.011758137494325638,"y":-0.1996351033449173,"z":-0.002395732793956995,"w":0.9797970652580261},"size":1.0276916027069092,"orthographic":false}